ID,x_coord,y_coord,demand
1,0.505180541,0.830768864,25
2,0.448434721,0.521569343,21
3,0.132909272,0.315383292,18
4,0.245556589,0.413299693,20
5,0.744088066,0.255979487,27
6,0.531909488,0.605737157,19
7,0.229053069,0.872866537,13
8,0.962639374,0.224655755,19
9,0.48892573,0.12562821,21
10,0.286251635,0.799566079,24
