ID,x_coord,y_coord,capacity,fixed_cost
1,0.275855466,0.436745481,118,0.4
2,0.950361645,0.226879741,104,0.67
3,0.718727186,0.191534024,136,0.26
4,0.788685016,0.818759726,112,0.82
5,0.049004861,0.206743844,138,0.93
6,0.254498304,0.640604377,140,0.74
7,0.212028021,0.757836375,131,0.62
8,0.306418804,0.78372307,129,0.09
9,0.288170188,0.620168544,122,0.62
10,0.650292581,0.162960286,148,0.64
